,EF [kW],EP [kW],ED [kW],epsilon,P [kW],Q [kW],unavoid ratio
pump,11.9342,10.1807,1.7534,0.8531,11.9342,,0.17223116071840144
eva,369.3732,369.3732,0.0,1.0,70.8376,1682.2612707591895,4.2668047568421526e-13
ihx,2.9947,2.9947,-0.0,1.0,0.6759,66.27432315904812,-2.76522948515448e-12
exp,277.2331,277.2331,0.0,1.0,277.2331,,0.0
cond,,,30.8073,,,1345.4488182127707,6.702945760565164
tot,369.3732,336.8125,32.5608,0.9118,336.8125,,0.09667325226181435
