,EF [kW],EP [kW],ED [kW],epsilon,P [kW],Q [kW],unavoid ratio
pump,9.2219,9.2219,0.0,1.0,9.2219,,9.843130033316646e-13
eva,369.3732,293.6253,75.7479,0.7949,0.0,1682.2612707590542,0.2579746881689427
ihx,5.2631,5.2631,-0.0,1.0,1.3174,100.03565722339114,-1.9052056287838226e-12
exp,268.9911,268.9911,-0.0,1.0,268.9911,,-2.3272717112015864e-15
cond,,,32.5387,,,1421.174709193911,6.692719628661266
tot,369.3732,261.0866,108.2866,0.7068,261.0866,,0.41475381008437434
