,EF [kW],EP [kW],ED [kW],epsilon,P [kW],Q [kW],unavoid ratio
pump,10.1426,10.1426,0.0,1.0,10.1426,,5.832304041744513e-13
eva,369.3732,369.3732,0.0,1.0,70.9184,1682.2612707590508,7.571486872440993e-13
ihx,3.0167,3.0167,0.0,1.0,0.6943,67.35062483263344,1.2751657427192557e-12
exp,277.1387,277.1387,0.0,1.0,277.1387,,2.13448586889275e-15
cond,,,30.7644,,,1343.6524939074493,6.696459185779787
tot,369.3732,338.6088,30.7644,0.9167,338.6088,,0.09085538529350741
