,EF [kW],EP [kW],ED [kW],epsilon,P [kW],Q [kW],unavoid ratio
pump,10.2025,9.4029,0.7996,0.9216,10.2025,,0.08503862405569151
eva,369.3732,294.1641,75.2091,0.7964,-0.0,1682.2612707591793,0.2556706952066959
ihx,9.6649,4.3291,5.3357,0.4479,0.0,108.86816422041501,1.2325225284684718
exp,264.8086,240.4648,24.3437,0.9081,240.4648,,0.10123605556439756
cond,,,33.4227,,,1451.9989220054943,6.841161070067358
tot,369.3732,230.2623,139.1109,0.6234,230.2623,,0.6041407105224775
