,EF [kW],EP [kW],ED [kW],epsilon,P [kW],Q [kW],unavoid ratio
pump,10.1636,10.1636,0.0,1.0,10.1636,,5.934494936309957e-13
eva,369.3732,369.3732,0.0,1.0,67.4381,1682.2612707593748,6.337460006483711e-13
ihx,5.4686,5.4686,-0.0,1.0,1.3698,100.75071189772515,-9.947990628594696e-13
exp,279.3629,253.6819,25.681,0.9081,253.6819,,0.1012329812986919
cond,,,31.3661,,,1369.9351445023112,6.695998974393753
tot,369.3732,312.3261,57.0471,0.8456,312.3261,,0.18265228773259834
