,EF [kW],EP [kW],ED [kW],epsilon,P [kW],Q [kW],unavoid ratio
pump,11.0554,9.4311,1.6243,0.8531,11.0554,,0.17222717598322562
eva,369.3732,293.6254,75.7478,0.7949,0.0,1682.2612707592457,0.25797435829661064
ihx,8.7069,3.7366,4.9703,0.4292,-0.0,98.20355380123904,1.3301512351367955
exp,264.8031,247.7591,17.044,0.9356,247.7591,,0.06879257934714386
cond,,,33.2831,,,1445.5575012274735,6.845806491846851
tot,369.3732,236.7038,132.6694,0.6408,236.7038,,0.5604872219280537
