,EF [kW],EP [kW],ED [kW],epsilon,P [kW],Q [kW],unavoid ratio
pump,13.1924,12.1586,1.0338,0.9216,13.1924,,0.08502685115570613
eva,483.9179,387.6094,96.3084,0.801,0.0,2105.7490738824913,0.24846770430935214
ihx,19.0025,9.9331,9.0694,0.5227,0.0,199.54880925256398,0.9130547575936043
exp,349.2386,317.9452,31.2934,0.9104,317.9452,,0.09842374123727357
cond,,,41.46,,,1800.9962323337854,6.842882527691316
tot,483.9179,304.7528,179.165,0.6298,304.7528,,0.5879027629593234
