,EF [kW],EP [kW],ED [kW],epsilon,P [kW],Q [kW],unavoid ratio
pump,11.9801,11.9801,0.0,1.0,11.9801,,5.496168408880679e-13
eva,483.9179,387.1402,96.7777,0.8,0.0,2105.749073882229,0.24998110966453652
ihx,12.0014,12.0014,0.0,1.0,3.2452,181.78242111733474,3.862403562582979e-13
exp,355.6042,355.6042,0.0,1.0,355.6042,,0.0
cond,,,40.2709,,,1758.87985149787,6.693850935078949
tot,483.9179,346.8692,137.0487,0.7168,346.8692,,0.39510180750078433
