,EF [kW],EP [kW],ED [kW],epsilon,P [kW],Q [kW],unavoid ratio
pump,15.7352,13.4236,2.3116,0.8531,15.7352,,0.1722040097914738
eva,483.9179,483.9179,0.0,1.0,89.8757,2105.7490738826273,5.907014678987606e-14
ihx,7.5802,7.5802,0.0,1.0,1.8937,131.57263962119586,2.7475763032416216e-12
exp,367.5108,367.5108,0.0,1.0,367.5108,,0.0
cond,,,38.0612,,,1662.2040105280832,6.70526854176488
tot,483.9179,443.5451,40.3728,0.9166,443.5451,,0.09102303034396446
