,EF [kW],EP [kW],ED [kW],epsilon,P [kW],Q [kW],unavoid ratio
pump,14.3396,12.2331,2.1065,0.8531,14.3396,,0.17219739239289458
eva,483.9179,387.2664,96.6515,0.8003,-0.0,2105.7490738824913,0.24957363954340184
ihx,17.2643,8.8297,8.4347,0.5114,0.0,184.10275938995872,0.9552643079122988
exp,349.7949,327.8554,21.9394,0.9373,327.8554,,0.0669179656129687
cond,,,41.27,,,1792.2332175826507,6.847913969164651
tot,483.9179,313.5159,170.402,0.6479,313.5159,,0.5435196319132434
