,EF [kW],EP [kW],ED [kW],epsilon,P [kW],Q [kW],unavoid ratio
pump,13.2801,13.2801,0.0,1.0,13.2801,,1.9367826817862714e-12
eva,483.9179,483.9179,0.0,1.0,86.3537,2105.74907388226,2.88964772134514e-13
ihx,12.2385,12.2385,-0.0,1.0,3.3038,180.61931500800097,-2.9853402975319354e-12
exp,368.7621,335.7207,33.0414,0.9104,335.7207,,0.0984192771253491
cond,,,38.7783,,,1693.6509055028473,6.697501812779465
tot,483.9179,412.0982,71.8197,0.8516,412.0982,,0.1742781605118132
