,EF [kW],EP [kW],ED [kW],epsilon,P [kW],Q [kW],unavoid ratio
pump,13.3753,13.3753,0.0,1.0,13.3753,,7.91991156904707e-13
eva,483.9179,483.9179,-0.0,1.0,89.9656,2105.7490738822817,-8.46139940504097e-14
ihx,7.5989,7.5989,0.0,1.0,1.9274,132.89226763477987,1.4403031520702524e-13
exp,367.3959,367.3959,-0.0,1.0,367.3959,,-3.97696611065971e-15
cond,,,38.0043,,,1659.8354857295276,6.698278030737519
tot,483.9179,445.9136,38.0043,0.9215,445.9136,,0.08522792749942013
