,EF [kW],EP [kW],ED [kW],epsilon,P [kW],Q [kW]
pump,24.775,21.1352,3.6399,0.8531,24.775,
eva,737.5039,586.0706,151.4333,0.7947,0.0,2958.028209254569
ihx,12.0343,151.8422,-139.8078,12.6174,150.3748,87.78950194911727
exp,596.6074,596.6074,-0.0,1.0,596.6074,
cond,,,0.0314,,,2235.821047168734
tot,737.5039,722.2072,15.2967,0.9793,722.2072,
