,EF [kW],EP [kW],ED [kW],epsilon,P [kW],Q [kW]
pump,19.36465064305146,16.519654069125867,2.844996573925591,0.8530829899094281,19.36465064305146,
eva,737.503899365088,586.0706233831501,151.43327598193798,0.7946678300788568,0.0,2958.028209254569
ihx,59.77705565460546,36.138510218769895,23.63854543583557,0.6045548718153642,-1.4337579688490011e-12,499.0663824750209
exp,521.3897021322935,477.4271635709755,43.96253856131796,0.9156819968220944,477.4271635709754,
cond,,,57.5620298841488,,,2499.965696326646
tot,737.503899365088,458.06251292792246,279.4413864371659,0.621098428526636,458.0625129279225,
