,EF [kW],EP [kW],ED [kW],epsilon,P [kW],Q [kW]
pump,20.9936,20.9936,0.0,1.0,20.9936,
eva,737.5039,737.5039,0.0,1.0,131.5499,2958.0282092543275
ihx,21.9559,21.9559,-0.0,1.0,7.3275,327.76547190104776
exp,619.6004,567.3569,52.2435,0.9157,567.3569,
cond,,,0.0197,,,2272.787463061911
tot,737.5039,685.2407,52.2632,0.9291,685.2407,
