,EF [kW],EP [kW],ED [kW],epsilon,P [kW],Q [kW]
pump,19.0988,19.0988,-0.0,1.0,19.0988,
eva,737.5039,737.5039,0.0,1.0,130.7566,2958.0282092543275
ihx,41.2762,41.2762,0.0,1.0,12.3709,423.26969447403746
exp,560.3344,513.0881,47.2463,0.9157,513.0881,
cond,,,53.1408,,,2320.9114128542674
tot,737.5039,637.1168,100.3871,0.8639,637.1168,
