,EF [kW],EP [kW],ED [kW],epsilon,P [kW],Q [kW]
pump,21.5288,21.5288,-0.0,1.0,21.5288,
eva,737.5039,737.5039,0.0,1.0,143.5263,2958.028209254361
ihx,15.4203,15.4203,0.0,1.0,5.0237,268.7176840479081
exp,610.4616,610.4616,0.0,1.0,610.4616,
cond,,,0.0212,,,2220.5454680727685
tot,737.5039,737.4827,0.0212,1.0,737.4827,
