,EF [kW],EP [kW],ED [kW],epsilon,P [kW],Q [kW]
pump,43.35060599879822,37.00277768974269,6.347828309055525,0.8535700213918231,43.35060599879822,
eva,737.5038993649775,650.3285620462591,87.1753373187184,0.8817967777610666,4.547473508864641e-13,2958.0282092545413
ihx,42.435357506190435,25.04012725895043,17.395230247240004,0.5900769719047989,-7.199241045076301e-13,414.07512366943695
exp,613.4641927505828,559.6351739913927,53.829018759190156,0.9122540167864769,559.6351739913927,
cond,,,56.47191673818043,,,2441.7436412619472
tot,737.5038993649775,516.2845679925941,221.21933137238454,0.7000431705339284,516.2845679925942,
