,EF [kW],EP [kW],ED [kW],epsilon,P [kW],Q [kW]
pump,25.5102,21.7623,3.7479,0.8531,25.5102,
eva,737.5039,737.5039,0.0,1.0,136.3166,2958.0282092543275
ihx,12.308,12.308,-0.0,1.0,3.8731,236.21365711373576
exp,619.043,619.043,-0.0,1.0,619.043,
cond,,,0.0335,,,2224.305646126246
tot,737.5039,733.7226,3.7813,0.9949,733.7226,
