,EF [kW],EP [kW],ED [kW],epsilon,P [kW],Q [kW]
pump,20.0351,20.0351,-0.0,1.0,20.0351,
eva,737.5039,737.5039,0.0,1.0,129.9338,2958.0282092543275
ihx,27.8055,27.8055,0.0,1.0,7.9474,332.07475853089153
exp,567.6231,567.6231,0.0,1.0,567.6231,
cond,,,52.0347,,,2272.5590242280673
tot,737.5039,685.4692,52.0347,0.9294,685.4692,
