,EF [kW],EP [kW],ED [kW],epsilon,P [kW],Q [kW]
pump,20.8548,20.8548,0.0,1.0,20.8548,
eva,737.5039,586.0706,151.4333,0.7947,0.0,2958.028209254569
ihx,19.9332,247.4815,-227.5483,12.4155,246.8325,26.195312194213038
exp,537.3889,537.3889,-0.0,1.0,537.3889,
cond,,,50.2524,,,2194.6616701961466
tot,737.5039,763.3665,-25.8626,1.0351,763.3665,
