,EF [kW],EP [kW],ED [kW],epsilon,P [kW],Q [kW]
pump,20.9934,20.9934,-0.0,1.0,20.9934,
eva,737.5039,737.5039,0.0,1.0,131.551,2958.0282092544026
ihx,21.9566,21.9566,-0.0,1.0,7.3278,327.770595778117
exp,619.5988,567.3555,52.2433,0.9157,567.3555,
cond,,,0.0197,,,2272.787329363493
tot,737.5039,685.2409,52.263,0.9291,685.2409,
