,EF [kW],EP [kW],ED [kW],epsilon,P [kW],Q [kW]
pump,20.9933,20.9933,-0.0,1.0,20.9933,
eva,737.5039,737.5039,0.0,1.0,131.5509,2958.0282092543275
ihx,21.9568,21.9568,0.0,1.0,7.3279,327.77277438562464
exp,619.5988,567.3542,52.2446,0.9157,567.3542,
cond,,,0.0197,,,2272.7885645475703
tot,737.5039,685.2396,52.2643,0.9291,685.2396,
