,EF [kW],EP [kW],ED [kW],epsilon,P [kW],Q [kW]
pump,20.534,20.534,0.0,1.0,20.534,
eva,737.5039,737.5039,0.0,1.0,139.7241,2958.0282092539937
ihx,33.6142,18.9165,14.6977,0.5628,0.0,324.23905354430724
exp,550.9227,550.9227,0.0,1.0,550.9227,
cond,,,52.6934,,,2287.9153502678
tot,737.5039,670.1129,67.391,0.9086,670.1129,
