,EF [kW],EP [kW],ED [kW],epsilon,P [kW],Q [kW]
pump,24.6054,20.9904,3.615,0.8531,24.6054,
eva,737.5039,737.5039,0.0,1.0,131.4735,2958.0282092543275
ihx,22.0391,22.0391,0.0,1.0,7.2589,326.27284420246275
exp,619.7314,567.4757,52.2558,0.9157,567.4757,
cond,,,0.0304,,,2276.425543419128
tot,737.5039,681.6027,55.9012,0.9242,681.6027,
