,EF [kW],EP [kW],ED [kW],epsilon,P [kW],Q [kW]
pump,24.3404,20.7644,3.576,0.8531,24.3404,
eva,737.5039,737.5039,0.0,1.0,140.1396,2958.028209254608
ihx,25.9963,25.9963,-0.0,1.0,8.6633,356.12315334065136
exp,609.4356,558.0492,51.3864,0.9157,558.0492,
cond,,,0.0298,,,2275.5165347324705
tot,737.5039,682.5117,54.9922,0.9254,682.5117,
