,EF [kW],EP [kW],ED [kW],epsilon,P [kW],Q [kW]
pump,18.8663,18.8663,0.0,1.0,18.8663,
eva,737.5039,737.5039,-0.0,1.0,142.0265,2958.0282092543825
ihx,46.4622,46.4622,0.0,1.0,14.1207,453.40831169419323
exp,547.1085,500.9774,46.1311,0.9157,500.9774,
cond,,,53.1146,,,2319.769954407786
tot,737.5039,638.2583,99.2456,0.8654,638.2583,
