,EF [kW],EP [kW],ED [kW],epsilon,P [kW],Q [kW]
pump,29.4563,29.4563,-0.0,1.0,29.4563,
eva,737.5039,737.5039,-0.0,1.0,113.9741,2958.0282092545285
ihx,31.5379,31.5379,0.0,1.0,9.9141,434.262860363108
exp,643.0323,643.0323,-0.0,1.0,643.0323,
cond,,,0.0396,,,2220.5639167964646
tot,737.5039,737.4643,0.0396,0.9999,737.4643,
