,EF [kW],EP [kW],ED [kW],epsilon,P [kW],Q [kW]
pump,18.9643,18.9643,-0.0,1.0,18.9643,
eva,737.5039,595.1899,142.314,0.807,0.0,2958.0282092546668
ihx,20.7828,20.7828,0.0,1.0,6.9708,325.6670531287357
exp,607.1678,607.1678,0.0,1.0,607.1678,
cond,,,0.0155,,,2362.8538113515187
tot,737.5039,595.1744,142.3295,0.807,595.1744,
