,EF [kW],EP [kW],ED [kW],epsilon,P [kW],Q [kW]
pump,19.7885,19.7885,0.0,1.0,19.7885,
eva,737.5039,737.5039,0.0,1.0,139.7373,2958.028209254214
ihx,32.4284,32.4284,-0.0,1.0,9.4458,363.8436876954666
exp,556.0747,556.0747,0.0,1.0,556.0747,
cond,,,52.0345,,,2272.558832437454
tot,737.5039,685.4694,52.0345,0.9294,685.4694,
