,EF [kW],EP [kW],ED [kW],epsilon,P [kW],Q [kW]
pump,23.2606,19.8432,3.4174,0.8531,23.2606,
eva,737.5039,737.5039,-0.0,1.0,139.7543,2958.028209254262
ihx,32.4833,32.4833,-0.0,1.0,9.3757,362.3982514246135
exp,556.0976,556.0976,0.0,1.0,556.0976,
cond,,,52.1194,,,2276.061090207702
tot,737.5039,681.9671,55.5368,0.9247,681.9671,
