,EF [kW],EP [kW],ED [kW],epsilon,P [kW],Q [kW]
pump,22.2236,18.9585,3.2651,0.8531,22.2236,
eva,737.5039,595.1915,142.3124,0.807,-0.0,2958.0282092543275
ihx,20.8586,20.8586,-0.0,1.0,6.9126,324.3398989708122
exp,607.2135,607.2135,-0.0,1.0,607.2135,
cond,,,0.024,,,2366.125715203703
tot,737.5039,591.9025,145.6014,0.8026,591.9025,
