,EF [kW],EP [kW],ED [kW],epsilon,P [kW],Q [kW]
pump,20.8113,20.8113,-0.0,1.0,20.8113,
eva,737.5039,737.5039,0.0,1.0,130.6473,2958.0282092543275
ihx,28.9112,15.788,13.1232,0.5461,0.0,289.80029878901394
exp,561.8862,561.8862,0.0,1.0,561.8862,
cond,,,52.6585,,,2286.3059830959664
tot,737.5039,671.7222,65.7817,0.9108,671.7222,
