,EF [kW],EP [kW],ED [kW],epsilon,P [kW],Q [kW]
pump,23.5507,20.0907,3.46,0.8531,23.5507,
eva,737.5039,737.5039,0.0,1.0,129.917,2958.0282092544026
ihx,27.8541,27.8541,0.0,1.0,7.8821,330.602689270099
exp,567.6747,567.6747,0.0,1.0,567.6747,
cond,,,52.1208,,,2276.105081829825
tot,737.5039,681.9231,55.5808,0.9246,681.9231,
