,EF [kW],EP [kW],ED [kW],epsilon,P [kW],Q [kW],unavoid ratio
pump,20.0351,20.0351,0.0,1.0,20.0351,,4.51774929326748e-09
eva,737.5039,737.5039,-0.0,1.0,129.9338,2958.0282092543857,-6.100217551733366e-13
ihx,27.8055,27.8055,-0.0,1.0,7.9474,332.0747820081927,-2.7159659014433985e-12
exp,567.6231,567.6231,0.0,1.0,567.6231,,1.3880526068436152e-12
cond,,,52.0347,,,2272.559031889712,6.701009696013195
tot,737.5039,685.4692,52.0347,0.9294,685.4692,,0.07591110398276349
