,EF [kW],EP [kW],ED [kW],epsilon,P [kW],Q [kW]
pump,25.2372,21.5294,3.7078,0.8531,25.2372,
eva,737.5039,737.5039,0.0,1.0,143.4121,2958.0282092545585
ihx,15.4812,15.4812,-0.0,1.0,4.9607,267.06249981304285
exp,610.6278,610.6278,0.0,1.0,610.6278,
cond,,,0.0327,,,2224.2648258901104
tot,737.5039,733.7634,3.7405,0.9949,733.7634,
