,EF [kW],EP [kW],ED [kW],epsilon,P [kW],Q [kW]
pump,19.0988,19.0988,0.0,1.0,19.0988,
eva,737.5039,737.5039,0.0,1.0,130.7567,2958.0282092544026
ihx,41.2765,41.2765,-0.0,1.0,12.371,423.27187489804044
exp,560.3341,513.0868,47.2474,0.9157,513.0868,
cond,,,53.1409,,,2320.912540411794
tot,737.5039,637.1157,100.3882,0.8639,637.1157,
