,EF [kW],EP [kW],ED [kW],epsilon,P [kW],Q [kW]
pump,21.8266,21.8266,-0.0,1.0,21.8266,
eva,737.5039,737.5039,0.0,1.0,134.0496,2958.0282092543275
ihx,23.4194,10.3598,13.0596,0.4424,0.0,274.44844441848164
exp,611.6451,560.0712,51.5739,0.9157,560.0712,
cond,,,0.5762,,,2285.7339791363374
tot,737.5039,672.2942,65.2097,0.9116,672.2942,
