,EF [kW],EP [kW],ED [kW],epsilon,P [kW],Q [kW]
pump,26.1628,22.319,3.8438,0.8531,26.1628,
eva,737.5039,737.5039,0.0,1.0,146.8245,2958.028209254569
ihx,17.2289,6.8358,10.3931,0.3968,-0.0,214.37362911450504
exp,601.9758,601.9758,-0.0,1.0,601.9758,
cond,,,0.6294,,,2235.3906244143373
tot,737.5039,722.6376,14.8663,0.9798,722.6376,
