,EF [kW],EP [kW],ED [kW],epsilon,P [kW],Q [kW]
pump,18.0709,18.0709,-0.0,1.0,18.0709,
eva,737.5039,593.9554,143.5485,0.8054,-0.0,2958.0282092543275
ihx,32.9041,32.9041,-0.0,1.0,11.3529,419.1990371864931
exp,600.6596,550.012,50.6476,0.9157,550.012,
cond,,,0.0138,,,2414.734219217844
tot,737.5039,543.294,194.2099,0.7367,543.294,
