,EF [kW],EP [kW],ED [kW],epsilon,P [kW],Q [kW]
pump,21.7614,21.7614,0.0,1.0,21.7614,
eva,737.5039,737.5039,0.0,1.0,136.468,2958.0282092543275
ihx,12.2538,12.2538,-0.0,1.0,3.9296,237.9004561696182
exp,618.8461,618.8461,0.0,1.0,618.8461,
cond,,,0.0216,,,2220.545920389646
tot,737.5039,737.4823,0.0216,1.0,737.4823,
