,EF [kW],EP [kW],ED [kW],epsilon,P [kW],Q [kW]
pump,23.5504,20.0905,3.46,0.8531,23.5504,
eva,737.5039,737.5039,0.0,1.0,129.918,2958.0282092543275
ihx,27.8547,27.8547,-0.0,1.0,7.8823,330.60704721190797
exp,567.6733,567.6733,-0.0,1.0,567.6733,
cond,,,52.1208,,,2276.105047582048
tot,737.5039,681.9232,55.5807,0.9246,681.9232,
