,EF [kW],EP [kW],ED [kW],epsilon,P [kW],Q [kW]
pump,21.1185,21.1185,-0.0,1.0,21.1185,
eva,737.5039,586.0706,151.4333,0.7947,0.0,2958.028209254569
ihx,12.0455,150.6488,-138.6033,12.5066,149.1648,91.44604455620369
exp,596.6074,596.6074,-0.0,1.0,596.6074,
cond,,,0.0203,,,2233.374532380259
tot,737.5039,724.6537,12.8502,0.9826,724.6537,
