,EF [kW],EP [kW],ED [kW],epsilon,P [kW],Q [kW]
pump,19.8348,19.8348,-0.0,1.0,19.8348,
eva,737.5039,594.6194,142.8845,0.8063,-0.0,2958.0282092543275
ihx,22.3287,9.5215,12.8073,0.4264,-0.0,269.01989047708724
exp,601.0756,601.0756,0.0,1.0,601.0756,
cond,,,0.5713,,,2376.7874351472683
tot,737.5039,581.2408,156.2631,0.7881,581.2408,
