,EF [kW],EP [kW],ED [kW],epsilon,P [kW],Q [kW]
pump,21.1185,21.1185,0.0,1.0,21.1185,
eva,737.5039,586.0706,151.4333,0.7947,0.0,2958.028209254569
ihx,17.7319,206.1605,-188.4286,11.6265,204.6765,91.44604456397276
exp,590.9209,541.0957,49.8253,0.9157,541.0957,
cond,,,0.0203,,,2233.374531971388
tot,737.5039,724.6537,12.8502,0.9826,724.6537,
