,EF [kW],EP [kW],ED [kW],epsilon,P [kW],Q [kW]
pump,19.36465,16.51965,2.845,0.85308,19.36465,
eva,737.5039,586.07062,151.43328,0.79467,0.0,2958.028209254569
ihx,59.77706,36.13851,23.63855,0.60455,-0.0,499.0663824750209
exp,521.3897,477.42716,43.96254,0.91568,477.42716,
cond,,,57.56203,,,2499.965696326646
tot,737.5039,458.06251,279.44139,0.6211,458.06251,
