,EF [kW],EP [kW],ED [kW],epsilon,P [kW],Q [kW]
pump,20.7675,20.7675,-0.0,1.0,20.7675,
eva,737.5039,737.5039,-0.0,1.0,140.1814,2958.0282092548173
ihx,25.9085,25.9085,-0.0,1.0,8.7378,357.5995950409336
exp,609.3329,557.9552,51.3777,0.9157,557.9552,
cond,,,0.0193,,,2271.921325479719
tot,737.5039,686.1069,51.397,0.9303,686.1069,
