,EF [kW],EP [kW],ED [kW],epsilon,P [kW],Q [kW]
pump,22.5624,22.5624,0.0,1.0,22.5624,
eva,737.5039,737.5039,0.0,1.0,141.0188,2958.0282092543275
ihx,14.1013,4.9226,9.1786,0.3491,0.0,183.70289506440645
exp,609.2942,609.2942,0.0,1.0,609.2942,
cond,,,0.5747,,,2230.2775973397725
tot,737.5039,727.7506,9.7533,0.9868,727.7506,
