,EF [kW],EP [kW],ED [kW],epsilon,P [kW],Q [kW]
pump,22.3153,22.3153,0.0,1.0,22.3153,
eva,737.5039,737.5039,0.0,1.0,146.9771,2958.028209254569
ihx,17.2182,6.7394,10.4788,0.3914,-0.0,216.25044448452118
exp,601.7909,601.7909,0.0,1.0,601.7909,
cond,,,0.5724,,,2231.5754791292056
tot,737.5039,726.4527,11.0512,0.985,726.4527,
