,EF [kW],EP [kW],ED [kW],epsilon,P [kW],Q [kW]
pump,19.837,19.837,0.0,1.0,19.837,
eva,737.5039,594.6294,142.8745,0.8063,-0.0,2958.0282092543275
ihx,22.3227,9.5179,12.8048,0.4264,-0.0,268.9650221019076
exp,601.0903,601.0903,0.0,1.0,601.0903,
cond,,,0.5713,,,2376.7749345539705
tot,737.5039,581.2533,156.2506,0.7881,581.2533,
