,EF [kW],EP [kW],ED [kW],epsilon,P [kW],Q [kW]
pump,26.4529,22.5665,3.8864,0.8531,26.4529,
eva,737.5039,737.5039,0.0,1.0,140.827,2958.0282092543275
ihx,14.1053,5.0051,9.1001,0.3548,0.0,181.80184148835633
exp,609.5109,609.5109,0.0,1.0,609.5109,
cond,,,0.6324,,,2234.143259400891
tot,737.5039,723.8849,13.6189,0.9815,723.8849,
