,EF [kW],EP [kW],ED [kW],epsilon,P [kW],Q [kW]
pump,20.8112,20.8112,-0.0,1.0,20.8112,
eva,737.5039,737.5039,0.0,1.0,130.6477,2958.0282092543275
ihx,28.9115,15.7882,13.1233,0.5461,0.0,289.80217545487335
exp,561.8857,561.8857,0.0,1.0,561.8857,
cond,,,52.6585,,,2286.3060671575054
tot,737.5039,671.7221,65.7818,0.9108,671.7221,
