,EF [kW],EP [kW],ED [kW],epsilon,P [kW],Q [kW]
pump,24.6054,20.9904,3.6149,0.8531,24.6054,
eva,737.5039,737.5039,0.0,1.0,131.4736,2958.0282092544026
ihx,22.0389,22.0389,-0.0,1.0,7.2588,326.2706989293342
exp,619.7315,567.477,52.2545,0.9157,567.477,
cond,,,0.0304,,,2276.424225538501
tot,737.5039,681.604,55.8999,0.9242,681.604,
