,EF [kW],EP [kW],ED [kW],epsilon,P [kW],Q [kW]
pump,26.4532,22.5668,3.8864,0.8531,26.4532,
eva,737.5039,737.5039,0.0,1.0,140.8265,2958.0282092544026
ihx,14.1048,5.0049,9.0999,0.3548,-0.0,181.79702116805117
exp,609.5118,609.5118,-0.0,1.0,609.5118,
cond,,,0.6324,,,2234.143118084792
tot,737.5039,723.8851,13.6188,0.9815,723.8851,
