,EF [kW],EP [kW],ED [kW],epsilon,P [kW],Q [kW]
pump,24.6056,20.9906,3.615,0.8531,24.6056,
eva,737.5039,737.5039,0.0,1.0,131.4726,2958.0282092543275
ihx,22.0383,22.0383,-0.0,1.0,7.2586,326.266151186147
exp,619.7329,567.4782,52.2546,0.9157,567.4782,
cond,,,0.0304,,,2276.4243800204868
tot,737.5039,681.6038,55.9001,0.9242,681.6038,
