,EF [kW],EP [kW],ED [kW],epsilon,P [kW],Q [kW]
pump,20.035,20.035,-0.0,1.0,20.035,
eva,737.5039,737.5039,0.0,1.0,129.9342,2958.0282092543275
ihx,27.8057,27.8057,0.0,1.0,7.9475,332.07639625195435
exp,567.6225,567.6225,0.0,1.0,567.6225,
cond,,,52.0347,,,2272.559021539778
tot,737.5039,685.4692,52.0347,0.9294,685.4692,
