,EF [kW],EP [kW],ED [kW],epsilon,P [kW],Q [kW]
pump,19.0965,19.0965,-0.0,1.0,19.0965,
eva,737.5039,737.5039,0.0,1.0,130.7722,2958.0282092543275
ihx,41.2846,41.2846,-0.0,1.0,12.3738,423.32087365811554
exp,560.3137,513.0692,47.2445,0.9157,513.0692,
cond,,,53.1408,,,2320.9096299385806
tot,737.5039,637.1186,100.3853,0.8639,637.1186,
