,EF [kW],EP [kW],ED [kW],epsilon,P [kW],Q [kW]
pump,21.8266,21.8266,0.0,1.0,21.8266,
eva,737.5039,737.5039,0.0,1.0,134.0498,2958.0282092543275
ihx,23.4191,10.3596,13.0595,0.4424,0.0,274.44621598548423
exp,611.6451,560.0724,51.5727,0.9157,560.0724,
cond,,,0.5762,,,2285.7326524650052
tot,737.5039,672.2956,65.2083,0.9116,672.2956,
