,EF [kW],EP [kW],ED [kW],epsilon,P [kW],Q [kW]
pump,21.8268,21.8268,0.0,1.0,21.8268,
eva,737.5039,737.5039,0.0,1.0,134.0491,2958.0282092543275
ihx,23.4186,10.3593,13.0593,0.4424,-0.0,274.44196683163597
exp,611.6462,560.0734,51.5728,0.9157,560.0734,
cond,,,0.5762,,,2285.7325520817917
tot,737.5039,672.2957,65.2082,0.9116,672.2957,
