,EF [kW],EP [kW],ED [kW],epsilon,P [kW],Q [kW]
pump,22.5626,22.5626,0.0,1.0,22.5626,
eva,737.5039,737.5039,0.0,1.0,141.0183,2958.0282092543275
ihx,14.1008,4.9224,9.1785,0.3491,-0.0,183.69810560803447
exp,609.2951,609.2951,0.0,1.0,609.2951,
cond,,,0.5747,,,2230.277418752663
tot,737.5039,727.7508,9.7531,0.9868,727.7508,
