,EF [kW],EP [kW],ED [kW],epsilon,P [kW],Q [kW],unavoid ratio
comp,239.5132,215.7408,23.7724,0.9007,239.5132,,0.11018977519946575
cond,202.197,202.197,0.0,1.0,26.409,840.2116355578107,1.2048504492243182e-12
ihx,29.7112,29.7112,-0.0,1.0,7.5349,218.47715535287944,-4.008740047398035e-14
val,6.0089,0.0,6.0089,0.0,0.0,,1.6267579690284986
eva,,,0.0,,,634.6423318809407,2.722373437791248e-09
tot,205.5693,175.788,29.7813,0.8551,205.5693,,0.1694158548344086
