,EF [kW],EP [kW],ED [kW],epsilon,P [kW],Q [kW],unavoid ratio
comp,216.7542,216.7542,0.0,1.0,216.7542,,1.1621341313851986e-14
cond,197.9509,197.9509,0.0,1.0,22.1629,840.2116355580966,3.804616560049812e-12
ihx,29.4673,19.0976,10.3698,0.6481,-0.0,212.77670017960983,0.5429873048697964
val,8.4336,0.0,8.4336,0.0,0.0,,2.1554891768493074
eva,,,0.0,,,645.6202583923035,2.7223308052271022e-09
tot,194.5914,175.788,18.8034,0.9034,194.5914,,0.1069660576825692
