,EF [kW],EP [kW],ED [kW],epsilon,P [kW],Q [kW],unavoid ratio
comp,231.9866,231.9866,0.0,1.0,231.9866,,5.171385899477709e-15
cond,201.4446,201.4446,0.0,1.0,25.6566,840.211635557763,1.1888966176315603e-12
ihx,31.2309,31.2309,0.0,1.0,9.1638,238.8420102726638,1.546083848829424e-14
val,18.3319,11.7594,6.5725,0.6415,0.0,,1.763535907115185
eva,,,14.8058,,,643.0453943298883,3.972718894017806
tot,197.1662,175.788,21.3782,0.8916,197.1662,,0.12161360867574059
