,EF [kW],EP [kW],ED [kW],epsilon,P [kW],Q [kW],unavoid ratio
comp,227.0037,227.0037,0.0,1.0,227.0037,,0.0
cond,208.168,175.788,32.38,0.8445,0.0,840.211635557722,0.1841990311611874
ihx,42.6305,42.6305,0.0,1.0,10.9569,267.5277610524266,1.132654373818656e-14
val,,,7.8788,,0.0,,2.098241405265248
eva,,,0.0,,,624.1648173775851,2.7222597509535262e-09
tot,216.0468,175.788,40.2588,0.8137,216.0468,,0.2290189733908512
