,EF [kW],EP [kW],ED [kW],epsilon,P [kW],Q [kW],unavoid ratio
comp,213.431,213.431,0.0,1.0,213.431,,3.466458111018514e-15
cond,199.346,199.346,0.0,1.0,23.558,840.211635557821,2.0611330383421133e-12
ihx,30.8105,30.8105,-0.0,1.0,7.8126,226.57020883663787,-6.373211275208532e-14
val,6.2724,0.0,6.2724,0.0,0.0,,1.6374392248804566
eva,,,0.0,,,658.1512551942013,2.722423175782751e-09
tot,182.0604,175.788,6.2724,0.9655,182.0604,,0.03568135673148389
