,EF [kW],EP [kW],ED [kW],epsilon,P [kW],Q [kW],unavoid ratio
comp,269.7127,242.9429,26.7698,0.9007,269.7127,,0.11018977519946865
cond,208.168,175.788,32.38,0.8445,0.0,840.2116355580847,0.18419903116243366
ihx,32.048,19.8487,12.1993,0.6193,-0.0,224.72395586518886,0.6146139514777216
val,19.71,10.4434,9.2665,0.5299,0.0,,2.6432501679089957
eva,,,13.3091,,,570.4989514129613,3.7963724587921277
tot,269.7127,175.788,93.9247,0.6518,269.7127,,0.5343063553134232
