,EF [kW],EP [kW],ED [kW],epsilon,P [kW],Q [kW],unavoid ratio
comp,355.964,343.7846,12.1794,0.9658,355.964,,0.03542753722741811
cond,296.2553,249.0295,47.2258,0.8406,0.0,1259.2248678011351,0.1896393951513337
ihx,36.5127,21.5263,14.9864,0.5896,0.0,293.7920638902389,0.6961873413490025
val,28.1447,16.5258,11.6189,0.5872,0.0,,2.159305017903118
eva,,,20.9241,,,903.2608196893423,3.8886448509523746
tot,355.964,249.0295,106.9346,0.6996,355.964,,0.4294053352208047
