,EF [kW],EP [kW],ED [kW],epsilon,P [kW],Q [kW],unavoid ratio
comp,340.24,305.5488,34.6912,0.898,340.24,,0.11353726076684795
cond,290.2406,290.2406,0.0,1.0,41.2111,1259.2248678011351,1.7035693908323058e-12
ihx,31.8538,31.8538,-0.0,1.0,8.0147,272.7079170693727,-2.2232491774063187e-14
val,7.2935,0.0,7.2935,0.0,0.0,,1.3269325410955275
eva,,,0.0,,,968.2107228977286,2.722394754073321e-09
tot,291.0141,249.0295,41.9847,0.8557,291.0141,,0.16859321483783482
