,EF [kW],EP [kW],ED [kW],epsilon,P [kW],Q [kW],unavoid ratio
comp,330.11,330.11,0.0,1.0,330.11,,0.0
cond,289.6147,289.6147,-0.0,1.0,40.5852,1259.2248678006054,-7.251371632358844e-13
ihx,33.6568,33.6568,0.0,1.0,10.0576,302.39995186317583,7.364528487643818e-14
val,25.9092,17.9095,7.9997,0.6912,0.0,,1.4439422432525901
eva,,,22.438,,,979.7576617680343,4.050058244425507
tot,279.4672,249.0295,30.4377,0.8911,279.4672,,0.12222545350052853
