,EF [kW],EP [kW],ED [kW],epsilon,P [kW],Q [kW],unavoid ratio
comp,308.8555,308.8555,-0.0,1.0,308.8555,,-1.0903802469183208e-14
cond,286.7489,286.7489,0.0,1.0,37.7195,1259.2248678008684,1.0597341985851746e-13
ihx,31.3813,19.4359,11.9454,0.6193,-0.0,261.1438674014778,0.6146046923346153
val,10.1611,0.0,10.1611,0.0,0.0,,1.748268045316163
eva,,,0.0,,,988.0888663775401,2.722416070355394e-09
tot,271.136,249.0295,22.1065,0.9185,271.136,,0.08877075946422236
