,EF [kW],EP [kW],ED [kW],epsilon,P [kW],Q [kW],unavoid ratio
comp,383.3888,344.2981,39.0907,0.898,383.3888,,0.11353726076684546
cond,298.2758,249.0295,49.2463,0.8349,0.0,1259.2248678011351,0.19775298594968738
ihx,35.4044,20.8727,14.5318,0.5895,-0.0,284.8709031395028,0.6962107710023016
val,27.2258,16.0241,11.2017,0.5886,0.0,,2.146982796348553
eva,,,20.2888,,,875.8360693910872,3.8886561205438075
tot,383.3888,249.0295,134.3593,0.6495,383.3888,,0.5395318623275901
