,EF [kW],EP [kW],ED [kW],epsilon,P [kW],Q [kW],unavoid ratio
comp,387.6034,347.5663,40.0371,0.8967,387.6034,,0.11519276719419319
cond,332.1873,332.1873,-0.0,1.0,50.423,1468.5302039738579,-6.504226021257861e-13
ihx,30.7084,30.7084,0.0,1.0,7.7017,286.91796676276954,6.708880646466179e-14
val,7.6773,0.0,7.6773,0.0,0.0,,1.2016313875976954
eva,,,0.0,,,1139.0514398516432,2.722444492064824e-09
tot,329.4788,281.7644,47.7144,0.8552,329.4788,,0.16934140785826207
