,EF [kW],EP [kW],ED [kW],epsilon,P [kW],Q [kW],unavoid ratio
comp,436.2629,391.1996,45.0634,0.8967,436.2629,,0.11519276719420599
cond,340.6888,281.7644,58.9244,0.827,-0.0,1468.5302039740177,0.20912651675782098
ihx,34.7524,19.7969,14.9555,0.5697,-0.0,302.4329225454518,0.7554438794056877
val,30.6022,18.8813,11.7209,0.617,0.0,,1.9342865188601035
eva,,,23.8344,,,1032.2672857630257,3.9333522777907604
tot,436.2629,281.7644,154.4985,0.6459,436.2629,,0.5483252656261834
