,EF [kW],EP [kW],ED [kW],epsilon,P [kW],Q [kW],unavoid ratio
comp,352.4282,352.4282,0.0,1.0,352.4282,,1.356567143046481e-14
cond,329.7155,329.7155,0.0,1.0,47.9511,1468.5302039740177,1.168446964192536e-12
ihx,30.1163,18.0505,12.0658,0.5994,0.0,271.82599640320495,0.6684465898905754
val,10.647,0.0,10.647,0.0,0.0,,1.577113505657685
eva,,,0.0,,,1164.0530833781004,2.7223983067869995e-09
tot,304.4771,281.7644,22.7127,0.9254,304.4771,,0.08060896066295804
