,EF [kW],EP [kW],ED [kW],epsilon,P [kW],Q [kW],unavoid ratio
comp,376.3091,376.3091,0.0,1.0,376.3091,,7.709137425660065e-15
cond,331.7036,331.7036,0.0,1.0,49.9392,1468.5302039740668,6.738858273992489e-13
ihx,32.5598,32.5598,-0.0,1.0,9.8622,321.16753064245177,-1.0282032273853839e-13
val,29.4816,21.0542,8.4274,0.7141,0.0,,1.3091687048436
eva,,,26.316,,,1152.0224285244676,4.088129382161821
tot,316.5078,281.7644,34.7434,0.8902,316.5078,,0.1233065315399345
