,EF [kW],EP [kW],ED [kW],epsilon,P [kW],Q [kW],unavoid ratio
comp,405.0817,391.0449,14.0368,0.9653,405.0817,,0.03589572668485956
cond,338.9174,281.7644,57.153,0.8314,-0.0,1468.5302039738579,0.20283978437101619
ihx,35.8023,20.3951,15.4072,0.5697,0.0,311.57148550546674,0.7554332323723019
val,31.6175,19.4516,12.1659,0.6152,0.0,,1.9488367323843314
eva,,,24.5544,,,1063.4484839571044,3.933321632017503
tot,405.0817,281.7644,123.3173,0.6956,405.0817,,0.4376611799063732
