,EF [kW],EP [kW],ED [kW],epsilon,P [kW],Q [kW],unavoid ratio
comp,360.955,360.955,-0.0,1.0,360.955,,-1.0292751527053883e-14
cond,340.6888,281.7644,58.9244,0.827,0.0,1468.5302039737771,0.20912651675827035
ihx,42.6679,42.6679,0.0,1.0,10.7621,342.56732327051895,1.4485288616008111e-13
val,9.5041,0.0,9.5041,0.0,0.0,,1.4822715139318072
eva,,,0.0,,,1118.3372668601896,2.7229845045440015e-09
tot,350.1929,281.7644,68.4286,0.8046,350.1929,,0.24285734529084876
