,EF [kW],EP [kW],ED [kW],epsilon,P [kW],Q [kW],unavoid ratio
comp,458.6176,458.6176,0.0,1.0,458.6176,,1.2624426957718971e-14
cond,432.6504,369.3732,63.2771,0.8537,0.0,1682.2612707590833,0.17130950897692168
ihx,67.3599,67.3599,-0.0,1.0,15.317,492.3006066093155,-1.4049877516267014e-13
val,10.6503,-0.0,10.6503,-0.0,0.0,,1.302708087810178
eva,,,0.0,,,1238.9606631749887,3.3808333910201327e-10
tot,443.3006,369.3732,73.9274,0.8332,443.3006,,0.20014283196320687
