,EF [kW],EP [kW],ED [kW],epsilon,P [kW],Q [kW],unavoid ratio
comp,456.0683,456.0683,-0.0,1.0,456.0683,,-7.331016115451667e-15
cond,424.9385,424.9385,-0.0,1.0,55.5653,1682.2612707592457,-6.920807456977359e-13
ihx,52.7657,34.7552,18.0104,0.6587,-0.0,417.45288066439787,0.5182068568066454
val,,,13.1194,,0.0,,1.5157516190178342
eva,,,0.0,,,1281.7582500819524,3.384599267519661e-10
tot,400.503,369.3732,31.1298,0.9223,400.503,,0.084277398275632
