,EF [kW],EP [kW],ED [kW],epsilon,P [kW],Q [kW],unavoid ratio
comp,447.0602,447.0602,0.0,1.0,447.0602,,6.086833022135716e-15
cond,425.1691,425.1691,-0.0,1.0,55.7958,1682.2612707592457,-6.947339255384715e-13
ihx,54.8174,54.8174,0.0,1.0,12.458,446.84498726026084,1.996584170966988e-14
val,,,9.4332,,0.0,,1.115910581013081
eva,,,0.0,,,1303.4548406694025,3.369358125837607e-10
tot,378.8064,369.3732,9.4332,0.9751,378.8064,,0.02553845854471925
