,EF [kW],EP [kW],ED [kW],epsilon,P [kW],Q [kW],unavoid ratio
comp,549.5301,493.9937,55.5364,0.8989,549.5301,,0.11242329275811423
cond,432.6504,369.3732,63.2771,0.8537,0.0,1682.2612707592457,0.1713095089778687
ihx,57.9603,36.6137,21.3466,0.6317,0.0,446.3759386648884,0.5830222882412331
val,34.8357,21.0198,-0.7409,0.6034,14.5569,,-0.09570465033679089
eva,,,26.1808,,,1147.288094753435,3.381729983307089
tot,534.9732,369.3732,165.6,0.6905,534.9732,,0.44832696254297816
