,EF [kW],EP [kW],ED [kW],epsilon,P [kW],Q [kW],unavoid ratio
comp,479.4309,479.4309,0.0,1.0,479.4309,,0.0
cond,425.9879,425.9879,-0.0,1.0,56.6147,1682.2612707592457,-6.843305289352328e-13
ihx,55.5379,55.5379,-0.0,1.0,14.8325,474.77692916520186,-2.8980581461451503e-14
val,33.1202,23.3278,9.7924,0.7043,0.0,,1.1890069617550796
eva,,,28.8181,,,1274.277644711897,3.499141605000869
tot,407.9836,369.3732,38.6104,0.9054,407.9836,,0.10452955845772913
