,EF [kW],EP [kW],ED [kW],epsilon,P [kW],Q [kW],unavoid ratio
comp,549.5301,493.9937,55.5364,0.8989,549.5301,,0.11242329275811423
cond,432.6504,369.3732,63.2771,0.8537,0.0,1682.2612707592457,0.1713095089778687
ihx,57.9603,36.6137,21.3466,0.6317,0.0,446.3759386648884,0.5830222882412331
val,34.8357,20.7581,14.0776,0.5959,0.0,,1.8183883563967733
eva,,,25.9191,,,1132.7312002786923,3.3479300008469117
tot,549.5301,369.3732,180.1569,0.6722,549.5301,,0.48773668195372005
