,EF [kW],EP [kW],ED [kW],epsilon,P [kW],Q [kW],unavoid ratio
comp,522.6665,494.369,28.2976,0.9459,522.6665,,0.05723975117836652
cond,431.4919,369.3732,62.1187,0.856,-0.0,1682.2612707592457,0.16817314101106925
ihx,59.3347,37.4823,21.8524,0.6317,0.0,456.965893118804,0.5830042006072372
val,35.7413,21.2504,14.4909,0.5946,0.0,,1.8283947249277497
eva,,,26.5338,,,1159.5947493974618,3.347908000051543
tot,522.6665,369.3732,153.2933,0.7067,522.6665,,0.4150092925380528
