,EF [kW],EP [kW],ED [kW],epsilon,P [kW],Q [kW]
comp,920.3701,920.3701,-0.0,1.0,920.3701,
cond,856.3447,856.3447,-0.0,1.0,118.8408,2958.028209254569
ihx,93.0207,93.0207,-0.0,1.0,22.4784,773.6146026836182
val,37.6761,15.6164,22.0597,0.4145,0.0,
eva,,,19.4873,,,2178.9773305416634
tot,779.0509,737.5039,41.547,0.9467,779.0509,
