,EF [kW],EP [kW],ED [kW],epsilon,P [kW],Q [kW],unavoid ratio
comp,1062.9424,959.5935,103.3489,0.9028,1062.9424,,0.1077006924365673
cond,852.1203,737.5039,114.6164,0.8655,0.0,2958.02820925463,0.15541125239757636
ihx,96.9632,61.2765,35.6867,0.632,0.0,747.0517866790838,0.5823885593386509
val,63.1491,34.729,28.4201,0.55,0.0,,2.1934735284232056
eva,,,43.3664,,,1895.0858285944682,3.3470343932746296
tot,1062.9424,737.5039,325.4385,0.6938,1062.9424,,0.4412701838936491
