,EF [kW],EP [kW],ED [kW],epsilon,P [kW],Q [kW]
comp,951.3884,951.3884,0.0,1.0,951.3884,
cond,855.6895,855.6895,-0.0,1.0,118.1856,2958.02820925463
ihx,93.6116,93.6116,0.0,1.0,24.9042,801.3848980479981
val,61.5276,39.3548,22.1728,0.6396,0.0,
eva,,,48.6219,,,2149.729646072719
tot,808.2986,737.5039,70.7947,0.9124,808.2986,
