,EF [kW],EP [kW],ED [kW],epsilon,P [kW],Q [kW]
comp,992.001,895.5497,96.4513,0.9028,992.001,
cond,855.2989,855.2989,-0.0,1.0,117.795,2958.028209254569
ihx,88.4203,88.4203,0.0,1.0,20.0175,721.5740745929086
val,,,20.2333,,0.0,
eva,,,0.0,,,2103.839639338291
tot,854.1886,737.5039,116.6847,0.8634,854.1886,
