,EF [kW],EP [kW],ED [kW],epsilon,P [kW],Q [kW]
comp,1047.9533,946.0618,101.8915,0.9028,1047.9533,
cond,855.5176,855.5176,-0.0,1.0,118.0137,2958.028209254569
ihx,89.3616,89.3616,0.0,1.0,23.7872,764.8427362650638
val,19.9898,19.9898,-0.0,1.0,19.9898,
eva,,,46.7672,,,2071.865583556199
tot,886.1626,737.5039,148.6587,0.8322,886.1626,
