,EF [kW],EP [kW],ED [kW],epsilon,P [kW],Q [kW]
comp,898.6986,898.6986,-0.0,1.0,898.6986,
cond,852.1203,737.5039,114.6164,0.8655,-0.0,2958.028209254567
ihx,104.2882,104.2882,-0.0,1.0,23.5861,790.0169540726234
val,22.9922,-0.0,22.9922,-0.0,0.0,
eva,,,0.0,,,2082.9157509047777
tot,875.1125,737.5039,137.6086,0.8428,875.1125,
