,EF [kW],EP [kW],ED [kW],epsilon,P [kW],Q [kW]
comp,1014.0704,915.4733,98.5971,0.9028,1014.0704,
cond,856.1757,856.1757,-0.0,1.0,118.6718,2958.028209254544
ihx,84.2908,53.2681,31.0227,0.632,-0.0,658.5363861202699
val,28.2748,28.2748,0.0,1.0,28.2748,
eva,,,0.0,,,2090.9044923010924
tot,867.1237,737.5039,129.6198,0.8505,867.1237,
