,EF [kW],EP [kW],ED [kW],epsilon,P [kW],Q [kW]
comp,951.3884,951.3884,-0.0,1.0,951.3884,
cond,855.6895,855.6895,0.0,1.0,118.1856,2958.028209254605
ihx,93.6116,93.6116,-0.0,1.0,24.9042,801.3848980479983
val,21.7812,21.7812,0.0,1.0,21.7812,
eva,,,49.0134,,,2171.5108648528944
tot,786.5173,737.5039,49.0134,0.9377,786.5173,
