,EF [kW],EP [kW],ED [kW],epsilon,P [kW],Q [kW],unavoid ratio
comp,949.2328,949.2328,0.0,1.0,949.2328,,9.03471202188496e-16
cond,852.1203,737.5039,114.6164,0.8655,-0.0,2958.0282092545467,0.15541125239769354
ihx,105.5363,105.5363,-0.0,1.0,27.7123,834.0738694343902,-7.320419305818494e-15
val,22.82,22.82,0.0,1.0,22.82,,1.2876171240350232e-13
eva,,,46.5802,,,2059.3277301692815,3.4968002785001
tot,898.7005,737.5039,161.1966,0.8206,898.7005,,0.21857047787686512
