,EF [kW],EP [kW],ED [kW],epsilon,P [kW],Q [kW],unavoid ratio
comp,899.8422,899.8422,0.0,1.0,899.8422,,0.0
cond,856.9316,856.9316,-0.0,1.0,119.4277,2958.02820925463,-4.658030244421338e-14
ihx,92.3902,92.3902,-0.0,1.0,20.9032,754.1085953810867,-1.9511420190181304e-14
val,,,22.0074,,0.0,,1.5426268672414447
eva,,,0.0,,,2198.5169184884094,3.369677870068699e-10
tot,759.5113,737.5039,22.0074,0.971,759.5113,,0.0298403729391912
