,EF [kW],EP [kW],ED [kW],epsilon,P [kW],Q [kW]
comp,920.9706,920.9706,0.0,1.0,920.9706,
cond,852.1203,737.5039,114.6164,0.8655,-0.0,2958.028209254549
ihx,97.4888,61.6086,35.8802,0.632,0.0,711.5891632796985
val,32.9701,32.9701,-0.0,1.0,32.9701,
eva,,,0.0,,,2070.0277367764256
tot,888.0005,737.5039,150.4966,0.8305,888.0005,
