,EF [kW],EP [kW],ED [kW],epsilon,P [kW],Q [kW]
comp,898.6986,898.6986,0.0,1.0,898.6986,
cond,852.1203,737.5039,114.6164,0.8655,-0.0,2958.028209254549
ihx,104.2882,104.2882,-0.0,1.0,23.5861,790.01695407224
val,22.9922,22.9922,-0.0,1.0,22.9922,
eva,,,0.0,,,2105.907905236574
tot,852.1203,737.5039,114.6164,0.8655,852.1203,
