,EF [kW],EP [kW],ED [kW],epsilon,P [kW],Q [kW],unavoid ratio
comp,922.3737,922.3737,0.0,1.0,922.3737,,3.082301100613686e-15
cond,859.3979,859.3979,-0.0,1.0,121.894,2958.02820925463,-4.704593557495651e-14
ihx,88.1785,55.725,32.4536,0.632,0.0,688.9044666614714,0.5823885593388053
val,,,30.5222,,0.0,,2.0735374731655787
eva,,,0.0,,,2157.548533390715,3.3874414384627016e-10
tot,800.4797,737.5039,62.9758,0.9213,800.4797,,0.08539043190561309
