,EF [kW],EP [kW],ED [kW],epsilon,P [kW],Q [kW],unavoid ratio
comp,898.6986,898.6986,-0.0,1.0,898.6986,,-3.917708665431354e-15
cond,852.1203,737.5039,114.6164,0.8655,-0.0,2958.028209254567,0.15541125239730635
ihx,104.2882,104.2882,-0.0,1.0,23.5861,790.0169540726234,-8.642701054555012e-15
val,22.9922,-0.0,22.9922,-0.0,0.0,,1.6817065539582359
eva,,,0.0,,,2082.9157509047777,3.3826808021331084e-10
tot,875.1125,737.5039,137.6086,0.8428,875.1125,,0.18658689005307202
