,EF [kW],EP [kW],ED [kW],epsilon,P [kW],Q [kW]
comp,992.1407,895.6758,96.4649,0.9028,992.1407,
cond,852.1203,737.5039,114.6164,0.8655,0.0,2958.028209254569
ihx,99.0998,99.0998,-0.0,1.0,22.4274,752.0578303346464
val,21.1281,21.1281,0.0,1.0,21.1281,
eva,,,0.0,,,2009.4429995042358
tot,948.5852,737.5039,211.0813,0.7775,948.5852,
