,EF [kW],EP [kW],ED [kW],epsilon,P [kW],Q [kW],unavoid ratio
comp,843.2057,798.7343,44.4714,0.9473,843.2057,,0.05567739320786314
cond,704.433,606.7048,97.7283,0.8613,-0.0,2530.904293209274,0.16108040925047895
ihx,86.3527,54.5643,31.7884,0.6319,-0.0,665.220722671608,0.5825857428248462
val,54.8217,30.9284,23.8933,0.5642,0.0,,2.070938111036075
eva,,,38.6197,,,1687.69854508375,3.3473427479571107
tot,843.2057,606.7048,236.501,0.7195,843.2057,,0.3898123247938462
