,EF [kW],EP [kW],ED [kW],epsilon,P [kW],Q [kW],unavoid ratio
comp,755.4061,755.4061,-0.0,1.0,755.4061,,-1.0795934790436951e-15
cond,706.4629,706.4629,-0.0,1.0,99.7581,2530.9042932092134,-2.9016195335416746e-13
ihx,77.2226,50.8649,26.3577,0.6587,0.0,610.94961933495,0.5181903017592258
val,,,22.5855,,0.0,,1.7829807516522922
eva,,,0.0,,,1875.2562798174667,3.3841729418782046e-10
tot,655.648,606.7048,48.9433,0.9254,655.648,,0.08067063319254747
