,EF [kW],EP [kW],ED [kW],epsilon,P [kW],Q [kW],unavoid ratio
comp,785.6899,785.6899,0.0,1.0,785.6899,,1.3830036192722743e-14
cond,704.5615,704.5615,-0.0,1.0,97.8568,2530.9042932092134,-3.0008270453852647e-13
ihx,81.227,81.227,0.0,1.0,21.6418,694.9862218295217,7.767518063461332e-14
val,51.4499,34.1369,17.3129,0.6635,0.0,,1.4360886513031734
eva,,,42.1736,,,1864.7129557885248,3.4982537125611053
tot,666.1913,606.7048,59.4866,0.9107,666.1913,,0.09804864764784832
