,EF [kW],EP [kW],ED [kW],epsilon,P [kW],Q [kW],unavoid ratio
comp,883.9767,796.8899,87.0867,0.9015,883.9767,,0.10928328572338582
cond,705.1154,606.7048,98.4107,0.8604,-0.0,2530.9042932092134,0.16220518518025148
ihx,84.2668,53.2451,31.0218,0.6319,-0.0,649.1371598116255,0.5826223954126097
val,53.2474,30.1812,23.0662,0.5668,0.0,,2.0487889040121643
eva,,,37.6865,,,1646.9276357113642,3.347396876744049
tot,883.9767,606.7048,277.2719,0.6863,883.9767,,0.45701290124225863
