,EF [kW],EP [kW],ED [kW],epsilon,P [kW],Q [kW],unavoid ratio
comp,818.4079,737.7808,80.6271,0.9015,818.4079,,0.109283285723386
cond,704.5595,704.5595,-0.0,1.0,97.8548,2530.9042932092134,-2.810770580902018e-13
ihx,76.8374,76.8374,-0.0,1.0,17.4223,626.7636934092769,-1.0054615979075202e-14
val,,,15.799,,0.0,,1.3324526787617097
eva,,,0.0,,,1827.7734347687317,3.369393652974395e-10
tot,703.1309,606.7048,96.4261,0.8629,703.1309,,0.15893414528518673
