,EF [kW],EP [kW],ED [kW],epsilon,P [kW],Q [kW],unavoid ratio
comp,327.9881,294.9883,32.9998,0.8994,327.9881,,0.11186818278219698
cond,254.1756,213.6812,40.4944,0.8407,0.0,1049.791729188778,0.18950864420687397
ihx,34.5834,20.9519,13.6315,0.6058,0.0,259.0279012130803,0.6506090572417782
val,23.6125,13.2095,10.403,0.5594,0.0,,2.382808608387429
eva,,,16.7781,,,721.8036705494754,3.843037221728885
tot,327.9881,213.6812,114.3069,0.6515,327.9881,,0.5349411394647311
