,EF [kW],EP [kW],ED [kW],epsilon,P [kW],Q [kW],unavoid ratio
comp,263.7594,263.7594,-0.0,1.0,263.7594,,-4.751219687078317e-15
cond,242.9146,242.9146,0.0,1.0,29.2334,1049.791729188742,2.1976696441142404e-12
ihx,31.2555,19.8546,11.4009,0.6352,-0.0,241.54545922373597,0.5742211455947471
val,9.4439,0.0,9.4439,0.0,0.0,,1.9406753055239463
eva,,,0.0,,,815.2657738281542,2.7223840959322843e-09
tot,234.526,213.6812,20.8448,0.9111,234.526,,0.09755074208787011
