,EF [kW],EP [kW],ED [kW],epsilon,P [kW],Q [kW],unavoid ratio
comp,274.4118,274.4118,0.0,1.0,274.4118,,0.0
cond,254.1756,213.6812,40.4944,0.8407,0.0,1049.791729188817,0.1895086442105228
ihx,45.147,45.147,0.0,1.0,11.5206,304.6568927899971,5.989320879644961e-14
val,,,8.7156,,0.0,,1.8711660322846548
eva,,,0.0,,,786.9005380036476,2.7221673803978774e-09
tot,262.8912,213.6812,49.21,0.8128,262.8912,,0.2302963291629422
