,EF [kW],EP [kW],ED [kW],epsilon,P [kW],Q [kW],unavoid ratio
comp,282.1346,282.1346,0.0,1.0,282.1346,,4.2324726003162136e-15
cond,246.287,246.287,0.0,1.0,32.6058,1049.79172918856,2.2114930348454402e-13
ihx,33.304,33.304,-0.0,1.0,9.8491,275.0389903654739,-2.609723977702694e-14
val,22.2082,14.8114,7.3967,0.6669,0.0,,1.595167740741481
eva,,,18.6017,,,810.1120711585608,4.01161742240571
tot,239.6797,213.6812,25.9985,0.8915,239.6797,,0.12166939531050916
