,EF [kW],EP [kW],ED [kW],epsilon,P [kW],Q [kW],unavoid ratio
comp,327.9881,294.9883,32.9998,0.8994,327.9881,,0.11186818278219698
cond,254.1756,213.6812,40.4944,0.8407,0.0,1049.791729188778,0.18950864420687397
ihx,34.5834,20.9519,13.6315,0.6058,0.0,259.0279012130803,0.6506090572417782
val,23.6125,13.4028,-0.5475,0.5676,10.7572,,-0.12541097938913395
eva,,,16.9715,,,732.5608221709556,3.887328579450571
tot,317.2309,213.6812,103.5497,0.6736,317.2309,,0.48459907934287766
