,EF [kW],EP [kW],ED [kW],epsilon,P [kW],Q [kW],unavoid ratio
pump,14.6364,14.6364,0.0,1.0,14.6364,,1.25875230510154e-13
eva,606.7048,486.9945,119.7102,0.8027,0.0,2530.9042932090388,0.24581432097823722
ihx,23.4875,23.4875,-0.0,1.0,6.7361,291.98981726923415,-6.866383124412888e-13
exp,447.0013,447.0013,0.0,1.0,447.0013,,0.0
cond,,,47.8936,,,2091.8033964408014,6.694505348209184
tot,606.7048,439.1009,167.6039,0.7237,439.1009,,0.38169783069737545
