,EF [kW],EP [kW],ED [kW],epsilon,P [kW],Q [kW],unavoid ratio
pump,17.4328,14.8721,2.5607,0.8531,17.4328,,0.1721839566060927
eva,606.7048,486.8554,119.8494,0.8025,0.0,2530.9042932092134,0.24617034717174685
ihx,31.3664,17.6617,13.7047,0.5631,0.0,302.92285369275754,0.7759549680152527
exp,438.8281,412.0693,26.7587,0.939,412.0693,,0.06493742999636545
cond,,,49.1947,,,2136.2677945445594,6.848868486159759
tot,606.7048,394.6365,212.0683,0.6505,394.6365,,0.537376189417608
