,EF [kW],EP [kW],ED [kW],epsilon,P [kW],Q [kW],unavoid ratio
pump,16.7479,16.7479,0.0,1.0,16.7479,,2.0696747201341233e-13
eva,606.7048,606.7048,0.0,1.0,109.3472,2530.9042932090388,1.7784979239774756e-13
ihx,15.3863,15.3863,0.0,1.0,4.1716,219.78638266912643,1.491701715244177e-12
exp,464.8435,464.8435,0.0,1.0,464.8435,,0.0
cond,,,45.0903,,,1969.2898315030704,6.699882461111336
tot,606.7048,561.6145,45.0903,0.9257,561.6145,,0.08028691903518785
