,EF [kW],EP [kW],ED [kW],epsilon,P [kW],Q [kW],unavoid ratio
pump,19.697,16.8036,2.8935,0.8531,19.697,,0.17219468254625694
eva,606.7048,606.7048,0.0,1.0,109.2689,2530.904293209274,9.041051498974862e-14
ihx,15.3854,15.3854,-0.0,1.0,4.1205,218.30224107920185,-1.6047770092916722e-12
exp,464.9569,464.9569,-0.0,1.0,464.9569,,-1.864654305183036e-15
cond,,,45.162,,,1972.2550020241492,6.707314928555796
tot,606.7048,558.6493,48.0555,0.9208,558.6493,,0.08602081143801835
