,EF [kW],EP [kW],ED [kW],epsilon,P [kW],Q [kW],unavoid ratio
pump,15.956,14.7057,1.2503,0.9216,15.956,,0.08502276677804331
eva,606.7048,486.5408,120.1639,0.8019,0.0,2530.9042932092134,0.2469760787107025
ihx,34.3434,19.5876,14.7558,0.5703,0.0,324.75510018207433,0.7533241996952988
exp,437.0433,398.9655,38.0777,0.9129,398.9655,,0.09544114924938889
cond,,,49.4475,,,2147.894799172714,6.843481363752645
tot,606.7048,383.0095,223.6953,0.6313,383.0095,,0.5840462598672724
