,EF [kW],EP [kW],ED [kW],epsilon,P [kW],Q [kW],unavoid ratio
pump,16.3807,16.3807,0.0,1.0,16.3807,,6.212528906723684e-13
eva,606.7048,606.7048,0.0,1.0,106.7106,2530.904293209274,7.003631442867708e-14
ihx,23.4378,23.4378,-0.0,1.0,6.6935,286.0089692522351,-5.466288488003416e-13
exp,463.645,423.252,40.393,0.9129,423.252,,0.09543485433270178
cond,,,46.0363,,,2010.6288546686424,6.6985971300656715
tot,606.7048,520.2754,86.4293,0.8575,520.2754,,0.1661222336844204
