,EF [kW],EP [kW],ED [kW],epsilon,P [kW],Q [kW],unavoid ratio
comp,653.1911,588.0063,65.1848,0.9002,653.1911,,0.1108573194700005
cond,561.1883,561.1883,-0.0,1.0,77.2704,2105.749073882529,-2.2944475529490243e-14
ihx,64.9469,64.9469,-0.0,1.0,14.746,529.5642085848732,-9.020687121864305e-14
val,,,12.072,,0.0,,1.2049954245796723
eva,,,0.0,,,1544.5744347640498,3.368896273059363e-10
tot,561.1746,483.9179,77.2568,0.8623,561.1746,,0.15964849272520382
