,EF [kW],EP [kW],ED [kW],epsilon,P [kW],Q [kW],unavoid ratio
comp,600.9247,600.9247,-0.0,1.0,600.9247,,-5.723818116261818e-15
cond,561.1987,561.1987,-0.0,1.0,77.2808,2105.749073882529,-3.487495572057994e-14
ihx,65.139,42.9056,22.2335,0.6587,-0.0,515.3479446566391,0.5181952275838807
val,,,17.4926,,0.0,,1.6370975772999345
eva,,,0.0,,,1582.1051680152311,3.384528213246085e-10
tot,523.6439,483.9179,39.726,0.9241,523.6439,,0.08209249640653372
