,EF [kW],EP [kW],ED [kW],epsilon,P [kW],Q [kW],unavoid ratio
comp,712.5182,641.4128,71.1053,0.9002,712.5182,,0.11085731947000806
cond,564.9569,483.9179,81.0391,0.8566,-0.0,2105.749073882468,0.16746447449338264
ihx,71.2877,45.038,26.2497,0.6318,-0.0,549.0809474849631,0.5828340995808617
val,43.8578,25.532,18.3258,0.5822,0.0,,1.9243485148566484
eva,,,31.8804,,,1393.2309223206528,3.3476916689897216
tot,712.5182,483.9179,228.6003,0.6792,712.5182,,0.47239476430350424
