,EF [kW],EP [kW],ED [kW],epsilon,P [kW],Q [kW],unavoid ratio
comp,627.9011,627.9011,0.0,1.0,627.9011,,1.0425607006828228e-15
cond,560.8054,560.8054,-0.0,1.0,76.8875,2105.74907388246,-4.073129023175045e-13
ihx,68.5409,68.5409,0.0,1.0,18.2853,586.1682515171024,1.878611799172096e-14
val,42.032,28.7969,13.2351,0.6851,0.0,,1.3016458722901796
eva,,,35.5752,,,1573.0208106225955,3.498742771766181
tot,532.7283,483.9179,48.8104,0.9084,532.7283,,0.10086501501875626
