,EF [kW],EP [kW],ED [kW],epsilon,P [kW],Q [kW],unavoid ratio
comp,597.1294,597.1294,0.0,1.0,597.1294,,2.1667361912255255e-15
cond,564.9569,483.9179,81.0391,0.8566,0.0,2105.749073882501,0.16746447449436877
ihx,79.8714,79.8714,0.0,1.0,18.1316,593.4765400534628,2.418170322733165e-14
val,14.0409,-0.0,14.0409,-0.0,0.0,,1.397357945514937
eva,,,0.0,,,1526.7512254280696,3.383320290595293e-10
tot,578.9978,483.9179,95.08,0.8358,578.9978,,0.19647955457600358
