,EF [kW],EP [kW],ED [kW],epsilon,P [kW],Q [kW],unavoid ratio
comp,588.9254,588.9254,-0.0,1.0,588.9254,,-6.845276478658736e-15
cond,560.6933,560.6933,-0.0,1.0,76.7754,2105.74907388246,-3.963712766680319e-13
ihx,67.6504,67.6504,-0.0,1.0,15.3551,551.6574962108634,-1.9985069238580375e-14
val,,,12.877,,0.0,,1.2338770758639892
eva,,,0.0,,,1608.9541796641631,3.369429180111183e-10
tot,496.7949,483.9179,12.877,0.9741,496.7949,,0.02660991804387723
