,EF [kW],EP [kW],ED [kW],epsilon,P [kW],Q [kW],unavoid ratio
pump,8.3025,8.3025,0.0,1.0,8.3025,,8.687954554845424e-14
eva,249.0295,249.0295,0.0,1.0,41.0959,1259.224867800554,1.2316229207576986e-12
ihx,6.2938,6.2938,-0.0,1.0,1.5465,109.35601385124087,-5.6261180948752724e-14
exp,190.6286,173.1972,17.4313,0.9086,173.1972,,0.10064437370175487
cond,,,24.061,,,1051.6877093082878,4.295101386033892
tot,249.0295,207.5372,41.4923,0.8334,207.5372,,0.19992712802823012
