,EF [kW],EP [kW],ED [kW],epsilon,P [kW],Q [kW],unavoid ratio
pump,7.3556,7.3556,-0.0,1.0,7.3556,,-1.0126205859584133e-13
eva,249.0295,198.7707,50.2588,0.7982,0.0,1259.2248678004257,0.25284827440347835
ihx,6.4254,6.4254,-0.0,1.0,1.5923,112.61017128885501,-1.1522710520186354e-13
exp,179.7048,179.7048,0.0,1.0,179.7048,,4.144814589078191e-15
cond,,,24.8291,,,1085.2833499594321,4.292235014106382
tot,249.0295,173.9415,75.0879,0.6985,173.9415,,0.4316850263207225
