,EF [kW],EP [kW],ED [kW],epsilon,P [kW],Q [kW],unavoid ratio
pump,9.722,8.2932,1.4287,0.853,9.722,,0.17227507113912088
eva,249.0295,249.0295,-0.0,1.0,43.0006,1259.2248678005758,-6.975060117977505e-13
ihx,4.3909,4.3909,-0.0,1.0,1.0146,85.47639158392946,-2.4192872592314177e-13
exp,189.6199,189.6199,-0.0,1.0,189.6199,,-5.6112331106075835e-15
cond,,,23.6876,,,1035.3117684042154,4.299893517845973
tot,249.0295,223.9131,25.1164,0.8991,223.9131,,0.11217015538446827
