,EF [kW],EP [kW],ED [kW],epsilon,P [kW],Q [kW],unavoid ratio
pump,8.262,8.262,-0.0,1.0,8.262,,-8.582005965609149e-14
eva,249.0295,249.0295,0.0,1.0,43.0498,1259.2248678004507,4.3380840911673016e-13
ihx,4.409,4.409,-0.0,1.0,1.0327,86.39348106933777,-4.015580415462972e-13
exp,189.556,189.556,0.0,1.0,189.556,,5.61081407318408e-15
cond,,,23.6529,,,1033.8482943185677,4.295352268866438
tot,249.0295,225.3766,23.6529,0.905,225.3766,,0.10494832138576934
