,EF [kW],EP [kW],ED [kW],epsilon,P [kW],Q [kW],unavoid ratio
pump,7.8964,7.5095,0.3869,0.951,7.8964,,0.05152002149515101
eva,249.0295,198.7133,50.3161,0.798,0.0,1259.2248678006524,0.2532097223871982
ihx,9.3882,4.6003,4.7879,0.49,0.0,110.81897694228809,1.0407718466299907
exp,175.9376,159.8493,16.0884,0.9086,159.8493,,0.10064706501196481
cond,,,25.4974,,,1107.2720339521127,4.411380800373031
tot,249.0295,151.9528,97.0766,0.6102,151.9528,,0.6388602979029724
