,EF [kW],EP [kW],ED [kW],epsilon,P [kW],Q [kW],unavoid ratio
pump,8.8239,7.5272,1.2967,0.853,8.8239,,0.17227255071244643
eva,249.0295,198.4125,50.617,0.7967,-0.0,1259.2248678004257,0.2551096938507459
ihx,8.7275,4.1904,4.5371,0.4801,-0.0,103.5483057610951,1.0827573624025517
exp,175.9869,164.7325,11.2544,0.936,164.7325,,0.06831926853603217
cond,,,25.4157,,,1103.3162861822013,4.415699714538057
tot,249.0295,155.9086,93.1209,0.6261,155.9086,,0.5972787640275722
