,m [kg/s],T [°C],h [kJ/kg],p [bar],s [J/kgK],fluid,e^PH [kJ/kg]
31,6.7347,15.0,220.48045,4.88373,1072.43282,REFPROP::R134a,30.78036
32,6.7347,15.88539,221.91078,20.0304,1073.17532,REFPROP::R134a,32.00045
33,6.7347,32.32272,245.04411,19.72994,1151.08544,REFPROP::R134a,33.07353
34,6.7347,93.0,463.09831,19.33534,1798.33333,REFPROP::R134a,67.85949
35,6.7347,45.27314,435.24224,5.21906,1808.10342,REFPROP::R134a,37.23702
36,6.7347,20.88539,412.10891,5.14077,1733.61955,REFPROP::R134a,35.1938
41,10.0,95.0,398.10169,1.013,1250.37953,REFPROP::water,44.71531
42,10.0,60.0,251.24867,1.013,831.24981,REFPROP::water,16.53887
38,6.7347,66.58692,298.43483,19.59752,1316.50743,REFPROP::R134a,39.62501
39,6.7347,66.29177,428.06967,19.46599,1698.45211,REFPROP::R134a,61.11222
48,10.0,89.39297,374.51095,1.013,1185.80749,REFPROP::water,39.40814
49,10.0,68.58776,287.20574,1.013,937.8125,REFPROP::water,22.32271
