,EF [kW],EP [kW],ED [kW],epsilon,P [kW],Q [kW],unavoid ratio
pump,7.8682,7.8682,0.0,1.0,7.8682,,4.614369618229956e-09
eva,213.6812,213.6812,-0.0,1.0,37.9761,1049.7917291885813,-1.6143330990658906e-12
ihx,3.0039,3.0039,-0.0,1.0,0.6754,62.89687849472754,-1.2425555566787268e-11
exp,162.9653,147.7962,15.1691,0.9069,147.7962,,0.10263512539083877
cond,,,19.9326,,,871.2122146079695,4.298060974469159
tot,213.6812,178.5795,35.1017,0.8357,178.5795,,0.19656051598002444
