,EF [kW],EP [kW],ED [kW],epsilon,P [kW],Q [kW],unavoid ratio
pump,7.0855,7.0855,0.0,1.0,7.0855,,5.301215588105037e-09
eva,213.6812,170.5798,43.1014,0.7983,0.0,1049.7917291886797,0.2526761318760478
ihx,3.0973,3.0973,0.0,1.0,0.7045,65.28923039793501,1.1157038936144588e-11
exp,156.3747,156.3747,0.0,1.0,156.3747,,4.933252233978021e-13
cond,,,20.586,,,899.7979383473294,4.295050197917277
tot,213.6812,149.9938,63.6874,0.702,149.9938,,0.42460027786166504
