,EF [kW],EP [kW],ED [kW],epsilon,P [kW],Q [kW],unavoid ratio
pump,7.7905,7.7905,0.0,1.0,7.7905,,4.580713709006594e-09
eva,213.6812,213.6812,-0.0,1.0,40.215,1049.7917291885813,-1.328706414125005e-12
ihx,1.824,1.824,0.0,1.0,0.3816,44.303130405559266,9.66264658627953e-13
exp,161.2977,161.2977,0.0,1.0,161.2977,,5.526709366768966e-13
cond,,,19.5775,,,855.687999913616,4.298252611913583
tot,213.6812,194.1037,19.5775,0.9084,194.1037,,0.10086084851757651
