,EF [kW],EP [kW],ED [kW],epsilon,P [kW],Q [kW],unavoid ratio
pump,7.8479,7.233,0.6149,0.9216,7.8479,,0.08501483814247154
eva,213.6812,170.5215,43.1597,0.798,0.0,1049.7917291886472,0.25310411569013685
ihx,5.292,2.2052,3.0868,0.4167,0.0,63.77611491592125,1.3997712280907948
exp,153.508,139.219,14.289,0.9069,139.219,,0.10263690221603052
cond,,,21.1597,,,918.4206583733388,4.417459889870365
tot,213.6812,131.3711,82.3101,0.6148,131.3711,,0.626546809613183
