,EF [kW],EP [kW],ED [kW],epsilon,P [kW],Q [kW],unavoid ratio
comp,991.9976,895.5467,96.4509,0.9028,991.9976,,0.1077005820690246
cond,855.296,855.296,-0.0,1.0,117.7921,2958.02820925463,-3.793768518745847e-14
ihx,88.4203,88.4203,-0.0,1.0,20.0175,721.574258583961,-5.970610295304151e-14
val,,,20.2332,,0.0,,1.482210141311607
eva,,,0.0,,,2103.840207679235,3.3698910328894266e-10
tot,854.188,737.5039,116.6841,0.8634,854.188,,0.1582148952850187
