,EF [kW],EP [kW],ED [kW],epsilon,P [kW],Q [kW],unavoid ratio
comp,917.6456,917.6456,0.0,1.0,917.6456,,3.0739250906790534e-15
cond,858.6878,858.6878,0.0,1.0,121.1839,2958.028209254736,8.997103476001188e-16
ihx,89.0333,58.6441,30.3892,0.6587,0.0,704.3875573760749,0.5181966034247442
val,,,28.5687,,0.0,,1.9561395750936545
eva,,,0.0,,,2161.5664386247577,3.3839597790574777e-10
tot,796.4618,737.5039,58.9579,0.926,796.4618,,0.07994245361351483
