,EF [kW],EP [kW],ED [kW],epsilon,P [kW],Q [kW],unavoid ratio
comp,1062.9444,959.5954,103.349,0.9028,1062.9444,,0.10770058206902006
cond,852.1222,737.5039,114.6183,0.8655,0.0,2958.028209254569,0.15541377294269312
ihx,96.9631,61.2764,35.6867,0.632,0.0,747.0510127311295,0.5823885423644998
val,63.1492,34.729,28.4202,0.55,0.0,,2.1934843299695115
eva,,,43.3663,,,1895.0838452451962,3.3470343654411603
tot,1062.9444,737.5039,325.4405,0.6938,1062.9444,,0.4412728731664381
