,EF [kW],EP [kW],ED [kW],epsilon,P [kW],Q [kW],unavoid ratio
comp,951.3902,951.3902,0.0,1.0,951.3902,,4.703517293638981e-15
cond,855.6912,855.6912,-0.0,1.0,118.1873,2958.028209254569,-2.3053051565231834e-13
ihx,93.6116,93.6116,-0.0,1.0,24.9042,801.3848696188317,-5.777054351025292e-14
val,21.7813,21.7813,0.0,1.0,21.7813,,5.150468496140093e-13
eva,,,49.0134,,,2171.5108652005665,3.5258233831588566
tot,786.5173,737.5039,49.0134,0.9377,786.5173,,0.06645855666811915
