,EF [kW],EP [kW],ED [kW],epsilon,P [kW],Q [kW],unavoid ratio
comp,951.3902,951.3902,0.0,1.0,951.3902,,4.703517293638981e-15
cond,855.6912,855.6912,-0.0,1.0,118.1873,2958.028209254569,-2.3053051565231834e-13
ihx,93.6116,93.6116,-0.0,1.0,24.9042,801.3848696188269,-9.628423918375507e-15
val,61.5277,39.3548,22.1729,0.6396,0.0,,1.5950230287302822
eva,,,48.6219,,,2149.729548566582,3.497657693087998
tot,808.2987,737.5039,70.7948,0.9124,808.2987,,0.09599238917088498
