,EF [kW],EP [kW],ED [kW],epsilon,P [kW],Q [kW],unavoid ratio
comp,433.4961,388.1483,45.3478,0.8954,433.4961,,0.11683109779516278
cond,373.0908,373.0908,0.0,1.0,61.2773,1677.7263927672604,1.1319989891983133e-12
ihx,28.4351,28.4351,-0.0,1.0,7.1117,292.8032726314734,-9.848989517565156e-14
val,7.9458,0.0,7.9458,0.0,0.0,,1.0920202016664602
eva,,,0.0,,,1312.6193211824432,2.7224125176417147e-09
tot,365.1071,311.8135,53.2936,0.854,365.1071,,0.17091504980095962
