,EF [kW],EP [kW],ED [kW],epsilon,P [kW],Q [kW],unavoid ratio
comp,394.813,394.813,0.0,1.0,394.813,,3.758702500631355e-15
cond,372.0312,372.0312,0.0,1.0,60.2178,1677.7263927672604,1.129685338883147e-12
ihx,27.7278,15.905,11.8228,0.5736,-0.0,273.82635550165304,0.743338143043006
val,10.9589,0.0,10.9589,0.0,0.0,,1.4263188776622808
eva,,,0.0,,,1343.1311985475834,2.7224018595006783e-09
tot,334.5952,311.8135,22.7817,0.9319,334.5952,,0.07306206588190074
