,EF [kW],EP [kW],ED [kW],epsilon,P [kW],Q [kW],unavoid ratio
comp,421.0832,421.0832,0.0,1.0,421.0832,,7.843444799479476e-15
cond,372.7903,372.7903,0.0,1.0,60.9768,1677.7263927672604,1.112187549599623e-12
ihx,30.278,30.278,0.0,1.0,9.3322,331.56661592635504,1.8711686903150702e-13
val,32.9703,24.2466,8.7237,0.7354,0.0,,1.1903676791431206
eva,,,30.237,,,1326.9521794820912,4.125906340134341
tot,350.7742,311.8135,38.9608,0.8889,350.7742,,0.12494891877842232
