,E_F,E_P,E_D,epsilon,group,y_Dk,y*_Dk
Evaporator,63722.78851,10001.87317,53720.91534,0.15696,Evaporator,0.05005,0.15996
Compressor,1083335.23883,978257.7882,105077.45063,0.90301,Compressor,0.0979,0.31289
Internal Heat Exchanger,101966.18146,63923.37361,38042.80785,0.62691,Internal Heat Exchanger,0.03544,0.11328
Valve,85376.64788,55996.05182,29380.59606,0.65587,Valve,0.02737,0.08749
Condenser,847111.59578,737503.89935,109607.69643,0.87061,Condenser,0.10212,0.32638
