,E_F,E_P,E_D,epsilon,group,y_Dk,y*_Dk
Expander,602403.02485,547017.55863,55385.46622,0.90806,Expander,0.0751,0.23879
Pump,54428.99707,46512.73823,7916.25884,0.85456,Pump,0.01073,0.03413
Internal Heat Exchanger,18779.19173,9551.82293,9227.3688,0.50864,Internal Heat Exchanger,0.01251,0.03978
Condenser,69718.75222,12969.4063,56749.34592,0.18602,Condenser,0.07695,0.24467
Evaporator,739974.04403,637306.55276,102667.49127,0.86126,Evaporator,0.13921,0.44264
