,E_F,E_P,E_D,epsilon,group,y_Dk,y*_Dk
Evaporator,739974.04359,637306.55231,102667.49128,0.86126,Evaporator,0.13921,0.44264
Condenser,69718.75219,12969.4063,56749.3459,0.18602,Condenser,0.07695,0.24467
Internal Heat Exchanger,18779.19166,9551.82289,9227.36878,0.50864,Internal Heat Exchanger,0.01251,0.03978
Expander,602403.02443,547017.55824,55385.46619,0.90806,Expander,0.0751,0.23879
Pump,54428.99704,46512.73821,7916.25883,0.85456,Pump,0.01073,0.03413
