,m [kg/s],T [°C],h [kJ/kg],p [bar],s [J/kgK],fluid,e^PH [kJ/kg]
31,4.75729,15.0,220.48045,4.88373,1072.43282,REFPROP::R134a,30.78036
32,4.75729,16.20456,222.43321,25.57726,1073.44549,REFPROP::R134a,32.44638
33,4.75729,23.90812,233.11541,25.1936,1109.98436,REFPROP::R134a,32.7826
34,4.75729,93.0,453.78552,24.68972,1757.96655,REFPROP::R134a,69.97655
35,4.75729,32.52504,423.09993,5.21906,1769.18621,REFPROP::R134a,36.11411
36,4.75729,21.20456,412.41772,5.14077,1734.66924,REFPROP::R134a,35.20539
41,10.0,95.0,398.10169,1.013,1250.37953,REFPROP::water,44.71531
42,10.0,70.0,293.12252,1.013,955.09063,REFPROP::water,23.34719
38,4.75729,77.62289,317.92672,25.02451,1371.35376,REFPROP::R134a,43.58716
39,4.75729,77.31054,429.01549,24.85655,1688.38447,REFPROP::R134a,64.90868
48,10.0,92.20015,386.31787,1.013,1218.24901,REFPROP::water,42.02925
49,10.0,79.62219,333.46972,1.013,1071.0508,REFPROP::water,30.86027
