,EF [kW],EP [kW],ED [kW],epsilon,P [kW],Q [kW],unavoid ratio
pump,8.6049,7.3397,1.2652,0.853,8.6049,,0.17237533693017715
eva,281.7644,220.8297,60.9346,0.7837,-0.0,1468.530203973413,0.27593490799399695
ihx,14.8002,7.8929,6.9073,0.5333,0.0,165.67030039880274,0.8751320844133156
exp,191.3823,179.3848,11.9975,0.9373,179.3848,,0.06688134345104457
cond,,,29.8799,,,1297.7502893877486,4.409927257957207
tot,281.7644,170.7799,110.9845,0.6061,170.7799,,0.6498684107608785
