,EF [kW],EP [kW],ED [kW],epsilon,P [kW],Q [kW],unavoid ratio
pump,8.2407,8.2407,0.0,1.0,8.2407,,5.057563372083757e-14
eva,281.7644,281.7644,0.0,1.0,48.0588,1468.5302039737965,2.796739823470893e-13
ihx,8.8165,8.8165,0.0,1.0,2.2444,143.18553388158725,9.492975829085867e-14
exp,211.9154,211.9154,-0.0,1.0,211.9154,,-3.933449680180642e-15
cond,,,27.7866,,,1214.5523718695065,4.292253858037981
tot,281.7644,253.9778,27.7866,0.9014,253.9778,,0.10940543091029158
