,EF [kW],EP [kW],ED [kW],epsilon,P [kW],Q [kW],unavoid ratio
pump,7.1504,7.1504,0.0,1.0,7.1504,,6.131905971858594e-14
eva,281.7644,220.905,60.8593,0.784,0.0,1468.5302039739017,0.27550001373129446
ihx,11.925,11.925,-0.0,1.0,3.1656,176.47204800578803,-3.509228298049884e-14
exp,195.6785,195.6785,-0.0,1.0,195.6785,,-2.240691949206164e-15
cond,,,29.2113,,,1276.8364491168877,4.289257229447038
tot,281.7644,191.6938,90.0706,0.6803,191.6938,,0.46986732289443184
