,EF [kW],EP [kW],ED [kW],epsilon,P [kW],Q [kW],unavoid ratio
pump,9.6954,8.2699,1.4255,0.853,9.6954,,0.17237825013684122
eva,281.7644,281.7644,-0.0,1.0,48.0307,1468.5302039741155,-1.848041804918149e-12
ihx,8.8039,8.8039,-0.0,1.0,2.2212,142.31613999380747,-9.506567395310399e-14
exp,211.9617,211.9617,0.0,1.0,211.9617,,5.900953683639259e-15
cond,,,27.8207,,,1216.0120659270876,4.296022170146166
tot,281.7644,252.5181,29.2462,0.8962,252.5181,,0.11581840594229834
