,EF [kW],EP [kW],ED [kW],epsilon,P [kW],Q [kW],unavoid ratio
pump,8.2252,8.2252,0.0,1.0,8.2252,,1.0297139608013994e-13
eva,281.7644,281.7644,0.0,1.0,46.9202,1468.5302039733958,1.1589104889435695e-12
ihx,11.5616,11.5616,0.0,1.0,3.0444,170.26150752485842,3.6195383577402844e-14
exp,211.7937,192.7971,18.9966,0.9103,192.7971,,0.09853141470604039
cond,,,28.2313,,,1233.993687650557,4.291949630032391
tot,281.7644,234.5365,47.2279,0.8324,234.5365,,0.2013668092487024
