,EF [kW],EP [kW],ED [kW],epsilon,P [kW],Q [kW],unavoid ratio
pump,7.9377,7.3151,0.6225,0.9216,7.9377,,0.0851012147637735
eva,281.7644,220.8934,60.871,0.784,0.0,1468.5302039732478,0.2755675252857962
ihx,15.6899,8.4595,7.2304,0.5392,0.0,173.8411214593354,0.854711000025814
exp,190.9931,173.8619,17.1312,0.9103,173.8619,,0.09853340954405868
cond,,,29.985,,,1302.6060173295382,4.407302198586123
tot,281.7644,165.9242,115.8402,0.5889,165.9242,,0.6981513784501029
